ar,totalt,A_jord_skog_fiske,01_jordbruk,02_skogsbruk,03_fiske,F_bygg,G_handel
2003,2769,52,21,29,2,473,495
2004,2428,46,27,15,4,473,433
2005,2278,40,25,11,4,450,477
2006,2285,31,17,14,0,513,445
2007,2254,40,22,16,2,537,447
2008,2615,46,37,8,1,636,475
2009,3275,52,29,22,1,754,570
2010,2865,55,24,31,0,739,498
2011,2948,74,40,33,1,763,550
2012,2980,70,40,29,1,760,529
2013,3131,97,47,48,2,705,577
2014,2986,61,36,24,1,646,612
2015,2574,67,36,28,3,522,521
2016,2408,61,36,24,1,476,485
2017,2168,46,28,15,3,470,433
2018,2546,58,28,29,1,478,496
2019,2623,74,44,29,1,520,468
2020,2135,62,36,25,1,417,390
2021,2472,96,64,30,2,552,415
2022,2654,68,43,25,0,564,447
2023,3315,75,48,24,3,782,546
2024,3488,94,58,30,6,747,546
2025,3906,112,71,37,4,768,591
