region,namn,antal_gardar,jordbruksskuld_per_gard_euro,bygg_bruttoproduktion_1000e,handel_bruttoproduktion_1000e
MK01,Nyland,2181,73980,16087423,21494024
MK02,Egentliga Finland,3139,111944,3359687,3014791
MK04,Satakunta,1919,90913,1506200,978422
MK05,Egentliga Tavastland,1250,91576,829668,1068459
MK06,Birkaland,2651,62132,3578202,3387457
MK07,Päijänne-Tavastland,1237,64771,1258268,1126232
MK08,Kymmenedalen,962,60258,863914,786331
MK09,Södra Karelen,834,40548,672052,575976
MK10,Södra Savolax,1351,53370,557271,565805
MK11,Norra Savolax,2324,80456,1519882,1364074
MK12,Norra Karelen,1347,52973,718573,718995
MK13,Mellersta Finland,1845,48096,1494155,1289749
MK14,Södra Österbotten,3817,96695,1139118,983759
MK15,Österbotten,2045,81936,1791190,799518
MK16,Mellersta Österbotten,712,89853,434230,410467
MK17,Norra Österbotten,2509,97801,3407301,2013242
MK18,Kajanaland,414,65430,514509,336460
MK19,Lappland,898,41051,1110742,894262
SSS,Hela landet,31686,78583,41290503,42046452
