region,ar,areal_1000ha,produktion_1000t
FI,2000,1166.70,4089.30
FI,2001,1156.00,3661.00
FI,2002,1190.40,3939.40
FI,2003,1191.90,3782.80
FI,2004,1221.20,3618.70
FI,2005,1187.50,4058.30
FI,2006,1152.60,3790.00
FI,2007,1168.40,4137.30
FI,2008,1251.30,4229.10
FI,2009,1203.10,4310.45
FI,2010,951.50,3034.49
FI,2011,1042.30,3714.71
FI,2012,1036.30,3701.24
FI,2013,1099.70,4119.49
FI,2014,1119.00,4180.60
FI,2015,1017.30,3729.91
FI,2016,998.10,3609.38
FI,2017,864.53,3462.12
FI,2018,906.80,2768.19
FI,2019,946.50,4035.19
FI,2020,951.50,3415.79
FI,2021,953.82,2648.69
FI,2022,952.25,3590.05
FI,2023,908.10,3006.56
FI,2024,905.10,3276.97
FI19,2010,381.20,1272.80
FI19,2011,408.00,1444.80
FI19,2012,403.50,1437.80
FI19,2013,433.40,1649.10
FI19,2014,439.00,1641.90
FI19,2015,354.30,1335.60
FI19,2016,344.20,1263.15
FI19,2017,328.88,1279.52
FI19,2018,345.74,1106.00
FI19,2019,361.00,1559.10
FI19,2020,358.50,1277.50
FI19,2021,372.69,1125.11
FI19,2022,368.90,1453.50
FI19,2023,348.20,1199.20
FI19,2024,352.10,1355.30
FI1B,2010,88.30,254.30
FI1B,2011,103.30,348.10
FI1B,2012,103.90,365.90
FI1B,2013,110.00,398.20
FI1B,2014,113.50,427.90
FI1B,2015,104.70,393.50
FI1B,2016,96.80,325.00
FI1B,2017,90.49,359.20
FI1B,2018,93.49,257.30
FI1B,2019,97.30,393.90
FI1B,2020,98.10,348.30
FI1B,2021,92.27,199.92
FI1B,2022,93.00,309.20
FI1B,2023,92.00,275.80
FI1B,2024,89.60,258.00
FI1C,2010,319.40,989.60
FI1C,2011,359.40,1327.40
FI1C,2012,364.20,1404.50
FI1C,2013,381.60,1457.10
FI1C,2014,385.50,1523.40
FI1C,2015,359.70,1362.10
FI1C,2016,355.20,1349.30
FI1C,2017,321.37,1367.90
FI1C,2018,323.97,929.00
FI1C,2019,349.10,1520.40
FI1C,2020,346.50,1222.90
FI1C,2021,338.98,876.31
FI1C,2022,342.10,1278.40
FI1C,2023,337.30,1078.30
FI1C,2024,330.90,1177.60
FI1D,2010,158.20,460.10
FI1D,2011,167.70,534.10
FI1D,2012,160.70,435.40
FI1D,2013,170.40,542.60
FI1D,2014,174.30,517.60
FI1D,2015,194.60,573.10
FI1D,2016,198.60,612.85
FI1D,2017,119.73,393.48
FI1D,2018,141.67,431.60
FI1D,2019,135.70,494.10
FI1D,2020,144.90,508.70
FI1D,2021,145.90,397.51
FI1D,2022,144.30,488.80
FI1D,2023,126.90,405.50
FI1D,2024,128.90,435.80
