ar,bransch,co2_fossil_ton,vaxthusgaser_co2ekv_ton
2018,hela_ekonomin,43748481,53828056
2018,01_jordbruk,1415548,7733603
2018,F_bygg,1516693,1553072
2018,G_handel,88588,544963
2019,hela_ekonomin,41132776,51064476
2019,01_jordbruk,1447310,7715819
2019,F_bygg,1556302,1593917
2019,G_handel,62404,507548
2020,hela_ekonomin,34287909,44018601
2020,01_jordbruk,1478566,7736411
2020,F_bygg,1371164,1403612
2020,G_handel,84531,480892
2021,hela_ekonomin,34292041,44013375
2021,01_jordbruk,1258490,7596666
2021,F_bygg,1361665,1395510
2021,G_handel,79946,429241
2022,hela_ekonomin,34217435,43311325
2022,01_jordbruk,1371934,7342902
2022,F_bygg,1400774,1435587
2022,G_handel,58816,356618
2023,hela_ekonomin,30712620,39709755
2023,01_jordbruk,1307832,7383671
2023,F_bygg,1225860,1256895
2023,G_handel,94476,338947
2024,hela_ekonomin,28791789,37834066
2024,01_jordbruk,1280707,7536226
2024,F_bygg,1194985,1224445
2024,G_handel,98090,286010
